GWBasin,YEAR,mean_recharge
AGUA FRIA,1991,2.60245046722096
AGUA FRIA,1992,13.824378557853311
AGUA FRIA,1993,48.043958656342255
AGUA FRIA,1994,0
AGUA FRIA,1995,7.32116723227621
AGUA FRIA,1996,0
AGUA FRIA,1997,12.426259197844955
AGUA FRIA,1998,0
AGUA FRIA,1999,0
AGUA FRIA,2000,12.398061509042911
AGUA FRIA,2001,0
AGUA FRIA,2002,0.12167982606387802
AGUA FRIA,2003,5.518027850578194
AGUA FRIA,2004,0.20890909153209877
AGUA FRIA,2005,16.332559620369455
AGUA FRIA,2006,0
AGUA FRIA,2007,0
AGUA FRIA,2008,0
AGUA FRIA,2009,0
AGUA FRIA,2010,9.719680819622223
AGUA FRIA,2011,0
AGUA FRIA,2012,0
AGUA FRIA,2013,0
AGUA FRIA,2014,0
AGUA FRIA,2015,0
AGUA FRIA,2016,0
AGUA FRIA,2017,11.258676218666073
AGUA FRIA,2018,3.4343369525038923
AGUA FRIA,2019,3.7782362852134477
AGUA FRIA,2020,0
ARAVAIPA CANYON,1991,0
ARAVAIPA CANYON,1992,10.434225568281478
ARAVAIPA CANYON,1993,70.22127784515915
ARAVAIPA CANYON,1994,0
ARAVAIPA CANYON,1995,0
ARAVAIPA CANYON,1996,0
ARAVAIPA CANYON,1997,0
ARAVAIPA CANYON,1998,14.791539853604027
ARAVAIPA CANYON,1999,0
ARAVAIPA CANYON,2000,0
ARAVAIPA CANYON,2001,0
ARAVAIPA CANYON,2002,0
ARAVAIPA CANYON,2003,0
ARAVAIPA CANYON,2004,0
ARAVAIPA CANYON,2005,2.2570063321104037
ARAVAIPA CANYON,2006,0
ARAVAIPA CANYON,2007,0
ARAVAIPA CANYON,2008,0
ARAVAIPA CANYON,2009,0
ARAVAIPA CANYON,2010,0
ARAVAIPA CANYON,2011,0
ARAVAIPA CANYON,2012,0
ARAVAIPA CANYON,2013,0
ARAVAIPA CANYON,2014,0
ARAVAIPA CANYON,2015,0
ARAVAIPA CANYON,2016,0
ARAVAIPA CANYON,2017,0
ARAVAIPA CANYON,2018,0
ARAVAIPA CANYON,2019,0
ARAVAIPA CANYON,2020,0
BIG SANDY,1991,2.4633523262509778
BIG SANDY,1992,7.448437118370443
BIG SANDY,1993,53.32467753521567
BIG SANDY,1994,0
BIG SANDY,1995,0
BIG SANDY,1996,0
BIG SANDY,1997,0
BIG SANDY,1998,21.83446040507616
BIG SANDY,1999,0.9193551704452358
BIG SANDY,2000,10.98414453948454
BIG SANDY,2001,22.45222885590744
BIG SANDY,2002,2.3536874266738748
BIG SANDY,2003,9.193065963533224
BIG SANDY,2004,3.118050742160205
BIG SANDY,2005,31.808066267450513
BIG SANDY,2006,30.324884785400446
BIG SANDY,2007,0
BIG SANDY,2008,5.855626722918312
BIG SANDY,2009,0
BIG SANDY,2010,16.82245823179738
BIG SANDY,2011,13.469439746734167
BIG SANDY,2012,0
BIG SANDY,2013,0.9128292377135142
BIG SANDY,2014,26.09457393091816
BIG SANDY,2015,0
BIG SANDY,2016,15.74278854608746
BIG SANDY,2017,11.914654523431615
BIG SANDY,2018,0
BIG SANDY,2019,11.626218471492214
BIG SANDY,2020,0
BILL WILLIAMS,1991,0
BILL WILLIAMS,1992,12.727274448924495
BILL WILLIAMS,1993,59.06639815707535
BILL WILLIAMS,1994,0
BILL WILLIAMS,1995,20.782134774297834
BILL WILLIAMS,1996,0
BILL WILLIAMS,1997,18.03144285623443
BILL WILLIAMS,1998,43.489827481663006
BILL WILLIAMS,1999,9.821241506134365
BILL WILLIAMS,2000,36.54882491207616
BILL WILLIAMS,2001,29.2689783573576
BILL WILLIAMS,2002,0
BILL WILLIAMS,2003,25.19377221654911
BILL WILLIAMS,2004,13.239871657726912
BILL WILLIAMS,2005,23.73089736285012
BILL WILLIAMS,2006,14.479193522727806
BILL WILLIAMS,2007,0
BILL WILLIAMS,2008,29.24693048375325
BILL WILLIAMS,2009,0
BILL WILLIAMS,2010,28.044023056877915
BILL WILLIAMS,2011,0
BILL WILLIAMS,2012,0
BILL WILLIAMS,2013,0
BILL WILLIAMS,2014,16.677546964041674
BILL WILLIAMS,2015,0
BILL WILLIAMS,2016,17.56795091364492
BILL WILLIAMS,2017,28.132805661158383
BILL WILLIAMS,2018,0
BILL WILLIAMS,2019,11.275791199674485
BILL WILLIAMS,2020,0
BONITA CREEK,1991,0
BONITA CREEK,1992,0
BONITA CREEK,1993,21.681087285173774
BONITA CREEK,1994,0
BONITA CREEK,1995,0
BONITA CREEK,1996,0
BONITA CREEK,1997,0
BONITA CREEK,1998,0
BONITA CREEK,1999,0
BONITA CREEK,2000,0
BONITA CREEK,2001,0
BONITA CREEK,2002,16.909610679238174
BONITA CREEK,2003,2.1223647844372864
BONITA CREEK,2004,0
BONITA CREEK,2005,4.788634198215974
BONITA CREEK,2006,0
BONITA CREEK,2007,0
BONITA CREEK,2008,7.712262957789
BONITA CREEK,2009,0
BONITA CREEK,2010,7.584802351596045
BONITA CREEK,2011,0
BONITA CREEK,2012,0
BONITA CREEK,2013,0
BONITA CREEK,2014,0
BONITA CREEK,2015,0
BONITA CREEK,2016,0
BONITA CREEK,2017,0
BONITA CREEK,2018,0
BONITA CREEK,2019,0
BONITA CREEK,2020,0
BUTLER VALLEY,1991,0
BUTLER VALLEY,1992,0
BUTLER VALLEY,1993,30.24899481464731
BUTLER VALLEY,1994,0
BUTLER VALLEY,1995,14.443412652236542
BUTLER VALLEY,1996,0
BUTLER VALLEY,1997,0
BUTLER VALLEY,1998,23.632030343945587
BUTLER VALLEY,1999,12.558085001798895
BUTLER VALLEY,2000,16.163176843040134
BUTLER VALLEY,2001,3.5053537429485684
BUTLER VALLEY,2002,0
BUTLER VALLEY,2003,41.35389023751364
BUTLER VALLEY,2004,17.440299803119824
BUTLER VALLEY,2005,28.20490449412716
BUTLER VALLEY,2006,0
BUTLER VALLEY,2007,0
BUTLER VALLEY,2008,24.822304731497848
BUTLER VALLEY,2009,0
BUTLER VALLEY,2010,21.157567944483482
BUTLER VALLEY,2011,0
BUTLER VALLEY,2012,0
BUTLER VALLEY,2013,0
BUTLER VALLEY,2014,8.16533296554672
BUTLER VALLEY,2015,0
BUTLER VALLEY,2016,0
BUTLER VALLEY,2017,8.69339347029504
BUTLER VALLEY,2018,0
BUTLER VALLEY,2019,0
BUTLER VALLEY,2020,0
CIENEGA CREEK,1991,0
CIENEGA CREEK,1992,0
CIENEGA CREEK,1993,33.997032736944114
CIENEGA CREEK,1994,8.221711308946928
CIENEGA CREEK,1995,0
CIENEGA CREEK,1996,0
CIENEGA CREEK,1997,4.11433182273008
CIENEGA CREEK,1998,0.14680314577542927
CIENEGA CREEK,1999,0
CIENEGA CREEK,2000,16.480553145609072
CIENEGA CREEK,2001,12.439283975788175
CIENEGA CREEK,2002,0
CIENEGA CREEK,2003,0
CIENEGA CREEK,2004,0
CIENEGA CREEK,2005,0
CIENEGA CREEK,2006,0
CIENEGA CREEK,2007,2.219401678730056
CIENEGA CREEK,2008,0
CIENEGA CREEK,2009,0
CIENEGA CREEK,2010,0
CIENEGA CREEK,2011,0
CIENEGA CREEK,2012,0
CIENEGA CREEK,2013,0
CIENEGA CREEK,2014,0
CIENEGA CREEK,2015,0
CIENEGA CREEK,2016,0
CIENEGA CREEK,2017,0
CIENEGA CREEK,2018,0
CIENEGA CREEK,2019,0
CIENEGA CREEK,2020,0
COCONINO PLATEAU,1991,11.610205860319795
COCONINO PLATEAU,1992,35.01668872654183
COCONINO PLATEAU,1993,44.40710424590068
COCONINO PLATEAU,1994,7.4247239659550965
COCONINO PLATEAU,1995,11.25668824316878
COCONINO PLATEAU,1996,0
COCONINO PLATEAU,1997,15.48557544309808
COCONINO PLATEAU,1998,16.59646139360926
COCONINO PLATEAU,1999,10.558632528057775
COCONINO PLATEAU,2000,16.491319296105043
COCONINO PLATEAU,2001,9.481916339884995
COCONINO PLATEAU,2002,0
COCONINO PLATEAU,2003,2.9105200358830228
COCONINO PLATEAU,2004,11.563087461441718
COCONINO PLATEAU,2005,23.73366428815755
COCONINO PLATEAU,2006,13.387951367125833
COCONINO PLATEAU,2007,17.19091349123568
COCONINO PLATEAU,2008,17.397720614631147
COCONINO PLATEAU,2009,7.084603793229744
COCONINO PLATEAU,2010,20.224334101182436
COCONINO PLATEAU,2011,8.513851433424591
COCONINO PLATEAU,2012,0
COCONINO PLATEAU,2013,10.365463839808868
COCONINO PLATEAU,2014,0
COCONINO PLATEAU,2015,6.042500532254047
COCONINO PLATEAU,2016,42.15349298733077
COCONINO PLATEAU,2017,23.917458120446064
COCONINO PLATEAU,2018,11.042676443600172
COCONINO PLATEAU,2019,8.995630985602457
COCONINO PLATEAU,2020,0
DETRITAL VALLEY,1991,0
DETRITAL VALLEY,1992,1.4557497966130897
DETRITAL VALLEY,1993,16.169002311535245
DETRITAL VALLEY,1994,0
DETRITAL VALLEY,1995,0
DETRITAL VALLEY,1996,0
DETRITAL VALLEY,1997,0
DETRITAL VALLEY,1998,8.1326349228851
DETRITAL VALLEY,1999,2.7378126859853955
DETRITAL VALLEY,2000,0
DETRITAL VALLEY,2001,10.468582725660898
DETRITAL VALLEY,2002,0
DETRITAL VALLEY,2003,1.0437502978369007
DETRITAL VALLEY,2004,5.250526942733596
DETRITAL VALLEY,2005,21.08901169216757
DETRITAL VALLEY,2006,10.10382848415303
DETRITAL VALLEY,2007,0
DETRITAL VALLEY,2008,0
DETRITAL VALLEY,2009,0
DETRITAL VALLEY,2010,31.34972099323857
DETRITAL VALLEY,2011,9.730493039419116
DETRITAL VALLEY,2012,0
DETRITAL VALLEY,2013,3.831531935239138
DETRITAL VALLEY,2014,0.5331455230522023
DETRITAL VALLEY,2015,0
DETRITAL VALLEY,2016,18.02577368787924
DETRITAL VALLEY,2017,1.844340964586049
DETRITAL VALLEY,2018,0
DETRITAL VALLEY,2019,0
DETRITAL VALLEY,2020,0
DONNELLY WASH,1991,0
DONNELLY WASH,1992,30.125986820967707
DONNELLY WASH,1993,81.95540157093392
DONNELLY WASH,1994,9.515562206018078
DONNELLY WASH,1995,0
DONNELLY WASH,1996,24.51608882426194
DONNELLY WASH,1997,12.60463901463898
DONNELLY WASH,1998,37.90435552719172
DONNELLY WASH,1999,16.475665261787626
DONNELLY WASH,2000,0
DONNELLY WASH,2001,25.56698323293167
DONNELLY WASH,2002,0
DONNELLY WASH,2003,0
DONNELLY WASH,2004,0
DONNELLY WASH,2005,10.922572433440328
DONNELLY WASH,2006,0
DONNELLY WASH,2007,0
DONNELLY WASH,2008,19.009687312680498
DONNELLY WASH,2009,0
DONNELLY WASH,2010,47.62583408233884
DONNELLY WASH,2011,0
DONNELLY WASH,2012,0
DONNELLY WASH,2013,0
DONNELLY WASH,2014,21.785338416610458
DONNELLY WASH,2015,0
DONNELLY WASH,2016,0
DONNELLY WASH,2017,0.44710162378740825
DONNELLY WASH,2018,0
DONNELLY WASH,2019,0
DONNELLY WASH,2020,0
DOUGLAS,1991,0
DOUGLAS,1992,0
DOUGLAS,1993,52.196897323347734
DOUGLAS,1994,8.222504330282183
DOUGLAS,1995,0
DOUGLAS,1996,0
DOUGLAS,1997,0
DOUGLAS,1998,0
DOUGLAS,1999,0
DOUGLAS,2000,33.93193788902716
DOUGLAS,2001,0
DOUGLAS,2002,0
DOUGLAS,2003,0
DOUGLAS,2004,0
DOUGLAS,2005,0
DOUGLAS,2006,0
DOUGLAS,2007,0
DOUGLAS,2008,0
DOUGLAS,2009,0
DOUGLAS,2010,0
DOUGLAS,2011,0
DOUGLAS,2012,0
DOUGLAS,2013,3.2238213166780865
DOUGLAS,2014,47.14986975964165
DOUGLAS,2015,0
DOUGLAS,2016,0
DOUGLAS,2017,0
DOUGLAS,2018,0
DOUGLAS,2019,0
DOUGLAS,2020,0
DOUGLAS INA,1991,0
DOUGLAS INA,1992,0
DOUGLAS INA,1993,25.44304239621293
DOUGLAS INA,1994,8.481676243466861
DOUGLAS INA,1995,0
DOUGLAS INA,1996,0
DOUGLAS INA,1997,0
DOUGLAS INA,1998,0
DOUGLAS INA,1999,0
DOUGLAS INA,2000,40.50744022064326
DOUGLAS INA,2001,0
DOUGLAS INA,2002,0
DOUGLAS INA,2003,0
DOUGLAS INA,2004,0
DOUGLAS INA,2005,0
DOUGLAS INA,2006,0
DOUGLAS INA,2007,0
DOUGLAS INA,2008,0
DOUGLAS INA,2009,0
DOUGLAS INA,2010,0
DOUGLAS INA,2011,0
DOUGLAS INA,2012,0
DOUGLAS INA,2013,23.689059345983814
DOUGLAS INA,2014,61.765083849679975
DOUGLAS INA,2015,0
DOUGLAS INA,2016,0
DOUGLAS INA,2017,0
DOUGLAS INA,2018,0
DOUGLAS INA,2019,0
DOUGLAS INA,2020,0
DRIPPING SPRING WASH,1991,0
DRIPPING SPRING WASH,1992,42.636571574313386
DRIPPING SPRING WASH,1993,74.52386121885957
DRIPPING SPRING WASH,1994,10.241873678857432
DRIPPING SPRING WASH,1995,0
DRIPPING SPRING WASH,1996,0
DRIPPING SPRING WASH,1997,4.663857555830595
DRIPPING SPRING WASH,1998,12.839028040670403
DRIPPING SPRING WASH,1999,0
DRIPPING SPRING WASH,2000,0
DRIPPING SPRING WASH,2001,0
DRIPPING SPRING WASH,2002,0
DRIPPING SPRING WASH,2003,0
DRIPPING SPRING WASH,2004,0
DRIPPING SPRING WASH,2005,31.148228401038686
DRIPPING SPRING WASH,2006,0
DRIPPING SPRING WASH,2007,0
DRIPPING SPRING WASH,2008,1.3298199134819944
DRIPPING SPRING WASH,2009,0
DRIPPING SPRING WASH,2010,43.23007404734169
DRIPPING SPRING WASH,2011,0
DRIPPING SPRING WASH,2012,3.5570999011872755
DRIPPING SPRING WASH,2013,0
DRIPPING SPRING WASH,2014,0
DRIPPING SPRING WASH,2015,0
DRIPPING SPRING WASH,2016,0
DRIPPING SPRING WASH,2017,0
DRIPPING SPRING WASH,2018,0
DRIPPING SPRING WASH,2019,0
DRIPPING SPRING WASH,2020,0
DUNCAN VALLEY,1991,7.506344221027887
DUNCAN VALLEY,1992,0
DUNCAN VALLEY,1993,8.178912934706817
DUNCAN VALLEY,1994,0
DUNCAN VALLEY,1995,0
DUNCAN VALLEY,1996,0
DUNCAN VALLEY,1997,8.535964217025981
DUNCAN VALLEY,1998,2.3288444797543018
DUNCAN VALLEY,1999,0
DUNCAN VALLEY,2000,0
DUNCAN VALLEY,2001,0
DUNCAN VALLEY,2002,11.283943726639711
DUNCAN VALLEY,2003,0
DUNCAN VALLEY,2004,0
DUNCAN VALLEY,2005,17.615798608534305
DUNCAN VALLEY,2006,0
DUNCAN VALLEY,2007,3.107720394164447
DUNCAN VALLEY,2008,0
DUNCAN VALLEY,2009,0
DUNCAN VALLEY,2010,15.15183892455121
DUNCAN VALLEY,2011,0
DUNCAN VALLEY,2012,0
DUNCAN VALLEY,2013,0
DUNCAN VALLEY,2014,0
DUNCAN VALLEY,2015,0
DUNCAN VALLEY,2016,0
DUNCAN VALLEY,2017,0
DUNCAN VALLEY,2018,0
DUNCAN VALLEY,2019,0
DUNCAN VALLEY,2020,0
GILA BEND,1991,0
GILA BEND,1992,0
GILA BEND,1993,19.004821507820303
GILA BEND,1994,0
GILA BEND,1995,0
GILA BEND,1996,0
GILA BEND,1997,1.773667287433277
GILA BEND,1998,24.178468150947474
GILA BEND,1999,4.451997025770537
GILA BEND,2000,0
GILA BEND,2001,0
GILA BEND,2002,0
GILA BEND,2003,11.708917557803643
GILA BEND,2004,0
GILA BEND,2005,8.203144967227715
GILA BEND,2006,1.3151301162252382
GILA BEND,2007,0
GILA BEND,2008,2.052186479728834
GILA BEND,2009,0
GILA BEND,2010,0
GILA BEND,2011,0
GILA BEND,2012,0
GILA BEND,2013,1.3818047876124928
GILA BEND,2014,0.5854443572044545
GILA BEND,2015,0
GILA BEND,2016,0
GILA BEND,2017,0
GILA BEND,2018,10.312357554432664
GILA BEND,2019,0
GILA BEND,2020,2.6421321847741037
GRAND WASH,1991,0
GRAND WASH,1992,11.113125902141219
GRAND WASH,1993,38.38899987909899
GRAND WASH,1994,0
GRAND WASH,1995,11.487067504046944
GRAND WASH,1996,0
GRAND WASH,1997,0
GRAND WASH,1998,27.293276534002764
GRAND WASH,1999,0
GRAND WASH,2000,3.3534993215229374
GRAND WASH,2001,25.894721346543896
GRAND WASH,2002,0
GRAND WASH,2003,0
GRAND WASH,2004,9.759969540543619
GRAND WASH,2005,34.96885383540741
GRAND WASH,2006,20.190316574313076
GRAND WASH,2007,0
GRAND WASH,2008,2.9770648331336806
GRAND WASH,2009,0
GRAND WASH,2010,70.21742238650553
GRAND WASH,2011,0
GRAND WASH,2012,0
GRAND WASH,2013,0
GRAND WASH,2014,0
GRAND WASH,2015,0
GRAND WASH,2016,45.74535800509637
GRAND WASH,2017,2.437763304228007
GRAND WASH,2018,0
GRAND WASH,2019,0
GRAND WASH,2020,0
HARQUAHALA INA,1991,0
HARQUAHALA INA,1992,0
HARQUAHALA INA,1993,15.043021455133427
HARQUAHALA INA,1994,0
HARQUAHALA INA,1995,0
HARQUAHALA INA,1996,0
HARQUAHALA INA,1997,0
HARQUAHALA INA,1998,5.295540843550978
HARQUAHALA INA,1999,0.05988436626616497
HARQUAHALA INA,2000,9.528375449445207
HARQUAHALA INA,2001,0
HARQUAHALA INA,2002,0
HARQUAHALA INA,2003,16.844314186865642
HARQUAHALA INA,2004,0
HARQUAHALA INA,2005,22.827584793566785
HARQUAHALA INA,2006,0
HARQUAHALA INA,2007,0
HARQUAHALA INA,2008,7.174691134959729
HARQUAHALA INA,2009,0
HARQUAHALA INA,2010,16.932483920797736
HARQUAHALA INA,2011,0
HARQUAHALA INA,2012,0
HARQUAHALA INA,2013,9.558445081007957
HARQUAHALA INA,2014,0
HARQUAHALA INA,2015,0
HARQUAHALA INA,2016,0
HARQUAHALA INA,2017,5.675110926391115
HARQUAHALA INA,2018,0
HARQUAHALA INA,2019,0
HARQUAHALA INA,2020,0
HUALAPAI VALLEY,1991,0
HUALAPAI VALLEY,1992,0
HUALAPAI VALLEY,1993,52.23805394402488
HUALAPAI VALLEY,1994,0
HUALAPAI VALLEY,1995,0
HUALAPAI VALLEY,1996,0
HUALAPAI VALLEY,1997,0
HUALAPAI VALLEY,1998,14.372785560443965
HUALAPAI VALLEY,1999,0
HUALAPAI VALLEY,2000,0
HUALAPAI VALLEY,2001,16.02656188730267
HUALAPAI VALLEY,2002,3.6660025768591282
HUALAPAI VALLEY,2003,1.7629671825403903
HUALAPAI VALLEY,2004,0
HUALAPAI VALLEY,2005,32.76192738766924
HUALAPAI VALLEY,2006,16.983154508431824
HUALAPAI VALLEY,2007,0
HUALAPAI VALLEY,2008,1.407389505010334
HUALAPAI VALLEY,2009,0
HUALAPAI VALLEY,2010,50.4790783576096
HUALAPAI VALLEY,2011,14.958953578741067
HUALAPAI VALLEY,2012,0
HUALAPAI VALLEY,2013,5.692028602145701
HUALAPAI VALLEY,2014,16.986698011862416
HUALAPAI VALLEY,2015,0
HUALAPAI VALLEY,2016,36.52118188949549
HUALAPAI VALLEY,2017,13.227751730413239
HUALAPAI VALLEY,2018,0
HUALAPAI VALLEY,2019,0
HUALAPAI VALLEY,2020,0
JOSEPH CITY INA,1991,0
JOSEPH CITY INA,1992,8.791856465632813
JOSEPH CITY INA,1993,0
JOSEPH CITY INA,1994,0
JOSEPH CITY INA,1995,0
JOSEPH CITY INA,1996,0
JOSEPH CITY INA,1997,3.4084077768654177
JOSEPH CITY INA,1998,0
JOSEPH CITY INA,1999,0
JOSEPH CITY INA,2000,0
JOSEPH CITY INA,2001,0
JOSEPH CITY INA,2002,0
JOSEPH CITY INA,2003,0
JOSEPH CITY INA,2004,0
JOSEPH CITY INA,2005,0
JOSEPH CITY INA,2006,0
JOSEPH CITY INA,2007,16.264468191344072
JOSEPH CITY INA,2008,0
JOSEPH CITY INA,2009,0
JOSEPH CITY INA,2010,11.50267672740714
JOSEPH CITY INA,2011,0
JOSEPH CITY INA,2012,0
JOSEPH CITY INA,2013,0
JOSEPH CITY INA,2014,0
JOSEPH CITY INA,2015,0
JOSEPH CITY INA,2016,0
JOSEPH CITY INA,2017,0
JOSEPH CITY INA,2018,0
JOSEPH CITY INA,2019,0
JOSEPH CITY INA,2020,0
KANAB PLATEAU,1991,9.012948839276337
KANAB PLATEAU,1992,47.05413975280672
KANAB PLATEAU,1993,72.86258478024278
KANAB PLATEAU,1994,3.462438477142237
KANAB PLATEAU,1995,24.8300205152258
KANAB PLATEAU,1996,8.559977120042834
KANAB PLATEAU,1997,1.0007736274953163
KANAB PLATEAU,1998,21.789585209868594
KANAB PLATEAU,1999,0
KANAB PLATEAU,2000,28.517790294051434
KANAB PLATEAU,2001,13.018395676520788
KANAB PLATEAU,2002,0
KANAB PLATEAU,2003,22.90475782152919
KANAB PLATEAU,2004,32.622294418897944
KANAB PLATEAU,2005,54.86466224618143
KANAB PLATEAU,2006,38.884406342262395
KANAB PLATEAU,2007,10.966461920068427
KANAB PLATEAU,2008,30.32875593747995
KANAB PLATEAU,2009,11.391977831015108
KANAB PLATEAU,2010,46.07241282925865
KANAB PLATEAU,2011,0
KANAB PLATEAU,2012,0
KANAB PLATEAU,2013,31.09658675723977
KANAB PLATEAU,2014,0
KANAB PLATEAU,2015,9.00775711845283
KANAB PLATEAU,2016,50.573552905685354
KANAB PLATEAU,2017,17.851943777555658
KANAB PLATEAU,2018,17.369669821138565
KANAB PLATEAU,2019,24.511391923367594
KANAB PLATEAU,2020,0
LAKE HAVASU,1991,0
LAKE HAVASU,1992,4.188609413900595
LAKE HAVASU,1993,58.735935035925934
LAKE HAVASU,1994,0
LAKE HAVASU,1995,8.356334318533937
LAKE HAVASU,1996,0
LAKE HAVASU,1997,0
LAKE HAVASU,1998,32.82453190613687
LAKE HAVASU,1999,0
LAKE HAVASU,2000,0
LAKE HAVASU,2001,7.465790736657329
LAKE HAVASU,2002,0.3589082323139081
LAKE HAVASU,2003,23.52218974925657
LAKE HAVASU,2004,19.943561358854744
LAKE HAVASU,2005,62.3521610149868
LAKE HAVASU,2006,14.778076778243266
LAKE HAVASU,2007,0
LAKE HAVASU,2008,25.99792671685644
LAKE HAVASU,2009,0
LAKE HAVASU,2010,28.608565025823147
LAKE HAVASU,2011,15.531300899966595
LAKE HAVASU,2012,0
LAKE HAVASU,2013,10.448143320351422
LAKE HAVASU,2014,9.966928998640974
LAKE HAVASU,2015,0
LAKE HAVASU,2016,11.203146084483103
LAKE HAVASU,2017,0
LAKE HAVASU,2018,0
LAKE HAVASU,2019,0
LAKE HAVASU,2020,1.4846430019676604
LAKE MOHAVE,1991,2.1063342961021037
LAKE MOHAVE,1992,8.463266211447781
LAKE MOHAVE,1993,24.35002104877418
LAKE MOHAVE,1994,0
LAKE MOHAVE,1995,1.8785065512864112
LAKE MOHAVE,1996,0
LAKE MOHAVE,1997,0
LAKE MOHAVE,1998,22.102374615981038
LAKE MOHAVE,1999,0.7414743810331254
LAKE MOHAVE,2000,0
LAKE MOHAVE,2001,13.262448032707466
LAKE MOHAVE,2002,0
LAKE MOHAVE,2003,7.6329529166101855
LAKE MOHAVE,2004,4.886361716962386
LAKE MOHAVE,2005,40.50824647490273
LAKE MOHAVE,2006,13.16407259042544
LAKE MOHAVE,2007,0
LAKE MOHAVE,2008,13.900971215871449
LAKE MOHAVE,2009,0
LAKE MOHAVE,2010,29.15163006583835
LAKE MOHAVE,2011,7.253464362046464
LAKE MOHAVE,2012,0
LAKE MOHAVE,2013,7.271184901571958
LAKE MOHAVE,2014,3.1968649205537525
LAKE MOHAVE,2015,0
LAKE MOHAVE,2016,12.557302890735397
LAKE MOHAVE,2017,0
LAKE MOHAVE,2018,0
LAKE MOHAVE,2019,0
LAKE MOHAVE,2020,0.12540476012124133
LITTLE COLORADO RIVER PLATEAU,1991,13.092853960029036
LITTLE COLORADO RIVER PLATEAU,1992,9.10401479961466
LITTLE COLORADO RIVER PLATEAU,1993,19.384301126067914
LITTLE COLORADO RIVER PLATEAU,1994,6.460665956050281
LITTLE COLORADO RIVER PLATEAU,1995,9.267376345887957
LITTLE COLORADO RIVER PLATEAU,1996,0
LITTLE COLORADO RIVER PLATEAU,1997,13.910635569690056
LITTLE COLORADO RIVER PLATEAU,1998,5.4851140237643214
LITTLE COLORADO RIVER PLATEAU,1999,0
LITTLE COLORADO RIVER PLATEAU,2000,2.6759447535946927
LITTLE COLORADO RIVER PLATEAU,2001,0
LITTLE COLORADO RIVER PLATEAU,2002,0
LITTLE COLORADO RIVER PLATEAU,2003,0
LITTLE COLORADO RIVER PLATEAU,2004,0
LITTLE COLORADO RIVER PLATEAU,2005,15.2846679781403
LITTLE COLORADO RIVER PLATEAU,2006,8.008578136394569
LITTLE COLORADO RIVER PLATEAU,2007,23.70335059038559
LITTLE COLORADO RIVER PLATEAU,2008,0
LITTLE COLORADO RIVER PLATEAU,2009,0
LITTLE COLORADO RIVER PLATEAU,2010,13.368315900015675
LITTLE COLORADO RIVER PLATEAU,2011,3.9083212739680917
LITTLE COLORADO RIVER PLATEAU,2012,0
LITTLE COLORADO RIVER PLATEAU,2013,0
LITTLE COLORADO RIVER PLATEAU,2014,0
LITTLE COLORADO RIVER PLATEAU,2015,0
LITTLE COLORADO RIVER PLATEAU,2016,4.8981540870407425
LITTLE COLORADO RIVER PLATEAU,2017,10.106205094250477
LITTLE COLORADO RIVER PLATEAU,2018,0
LITTLE COLORADO RIVER PLATEAU,2019,0
LITTLE COLORADO RIVER PLATEAU,2020,0
LOWER GILA,1991,0
LOWER GILA,1992,0
LOWER GILA,1993,23.997143282547125
LOWER GILA,1994,0
LOWER GILA,1995,0
LOWER GILA,1996,0
LOWER GILA,1997,0.47264678275152905
LOWER GILA,1998,0
LOWER GILA,1999,1.3446277302483252
LOWER GILA,2000,0
LOWER GILA,2001,2.663099077096479
LOWER GILA,2002,0
LOWER GILA,2003,4.3605055871181575
LOWER GILA,2004,8.080367764507141
LOWER GILA,2005,18.428088390569133
LOWER GILA,2006,7.664432493257685
LOWER GILA,2007,4.812663462483548
LOWER GILA,2008,30.343806132870704
LOWER GILA,2009,0
LOWER GILA,2010,8.734140113326804
LOWER GILA,2011,0
LOWER GILA,2012,4.952857872840411
LOWER GILA,2013,10.902070618205528
LOWER GILA,2014,2.7304506263070922
LOWER GILA,2015,0
LOWER GILA,2016,0
LOWER GILA,2017,0
LOWER GILA,2018,8.915986441131208
LOWER GILA,2019,0
LOWER GILA,2020,5.251604738553011
LOWER SAN PEDRO,1991,0
LOWER SAN PEDRO,1992,6.443628247271779
LOWER SAN PEDRO,1993,33.76791342197515
LOWER SAN PEDRO,1994,6.496745285927601
LOWER SAN PEDRO,1995,0
LOWER SAN PEDRO,1996,0
LOWER SAN PEDRO,1997,7.039502920110608
LOWER SAN PEDRO,1998,24.9046898166291
LOWER SAN PEDRO,1999,0
LOWER SAN PEDRO,2000,2.4942432597382083
LOWER SAN PEDRO,2001,6.716274739037052
LOWER SAN PEDRO,2002,0
LOWER SAN PEDRO,2003,0
LOWER SAN PEDRO,2004,0
LOWER SAN PEDRO,2005,0
LOWER SAN PEDRO,2006,0
LOWER SAN PEDRO,2007,0
LOWER SAN PEDRO,2008,0
LOWER SAN PEDRO,2009,0
LOWER SAN PEDRO,2010,2.751493475713844
LOWER SAN PEDRO,2011,0
LOWER SAN PEDRO,2012,0
LOWER SAN PEDRO,2013,0
LOWER SAN PEDRO,2014,0
LOWER SAN PEDRO,2015,0
LOWER SAN PEDRO,2016,0
LOWER SAN PEDRO,2017,0
LOWER SAN PEDRO,2018,0
LOWER SAN PEDRO,2019,0
LOWER SAN PEDRO,2020,0
MCMULLEN VALLEY,1991,0
MCMULLEN VALLEY,1992,0
MCMULLEN VALLEY,1993,24.02767698552524
MCMULLEN VALLEY,1994,0
MCMULLEN VALLEY,1995,0
MCMULLEN VALLEY,1996,0
MCMULLEN VALLEY,1997,0
MCMULLEN VALLEY,1998,7.517358487718185
MCMULLEN VALLEY,1999,9.472200328303042
MCMULLEN VALLEY,2000,40.24234498897841
MCMULLEN VALLEY,2001,0
MCMULLEN VALLEY,2002,0
MCMULLEN VALLEY,2003,30.999095190019087
MCMULLEN VALLEY,2004,7.541964064002539
MCMULLEN VALLEY,2005,13.847829441189122
MCMULLEN VALLEY,2006,0
MCMULLEN VALLEY,2007,0
MCMULLEN VALLEY,2008,11.698193397001024
MCMULLEN VALLEY,2009,0
MCMULLEN VALLEY,2010,16.209171611589216
MCMULLEN VALLEY,2011,0
MCMULLEN VALLEY,2012,0
MCMULLEN VALLEY,2013,0
MCMULLEN VALLEY,2014,0
MCMULLEN VALLEY,2015,0
MCMULLEN VALLEY,2016,0
MCMULLEN VALLEY,2017,6.051215586747779
MCMULLEN VALLEY,2018,0
MCMULLEN VALLEY,2019,0
MCMULLEN VALLEY,2020,0
MEADVIEW,1991,12.01242492884487
MEADVIEW,1992,1.0333742392065761
MEADVIEW,1993,34.36463317378437
MEADVIEW,1994,0
MEADVIEW,1995,0
MEADVIEW,1996,0
MEADVIEW,1997,0
MEADVIEW,1998,17.249455121404953
MEADVIEW,1999,0
MEADVIEW,2000,0
MEADVIEW,2001,25.79665852473751
MEADVIEW,2002,2.010275206478181
MEADVIEW,2003,5.430411419483969
MEADVIEW,2004,9.699492755042455
MEADVIEW,2005,13.851164540252064
MEADVIEW,2006,7.64227184846904
MEADVIEW,2007,0
MEADVIEW,2008,4.816501879976162
MEADVIEW,2009,0
MEADVIEW,2010,27.201580549999633
MEADVIEW,2011,8.231749138427318
MEADVIEW,2012,0
MEADVIEW,2013,0
MEADVIEW,2014,2.7948416029305054
MEADVIEW,2015,0
MEADVIEW,2016,26.241957261009706
MEADVIEW,2017,3.7550225291947172
MEADVIEW,2018,0
MEADVIEW,2019,0
MEADVIEW,2020,0
MORENCI,1991,36.44021031723415
MORENCI,1992,30.58129232766462
MORENCI,1993,24.30777858263202
MORENCI,1994,30.436725226886082
MORENCI,1995,2.277989642980914
MORENCI,1996,4.618577662110801
MORENCI,1997,25.648270013620312
MORENCI,1998,15.558391569374646
MORENCI,1999,12.304941913918762
MORENCI,2000,10.498575035413705
MORENCI,2001,19.5555051541621
MORENCI,2002,15.91246057240358
MORENCI,2003,33.63172845595189
MORENCI,2004,21.419397362649626
MORENCI,2005,37.7440826188884
MORENCI,2006,21.9462013820039
MORENCI,2007,33.513104745454726
MORENCI,2008,22.52930485357973
MORENCI,2009,0.9065730553801403
MORENCI,2010,27.360526121790663
MORENCI,2011,0
MORENCI,2012,0
MORENCI,2013,26.632594657193433
MORENCI,2014,0
MORENCI,2015,0
MORENCI,2016,0
MORENCI,2017,0
MORENCI,2018,0
MORENCI,2019,0
MORENCI,2020,3.2662460228087533
PARIA,1991,0
PARIA,1992,41.80184156309024
PARIA,1993,72.6978076593946
PARIA,1994,0
PARIA,1995,1.410060420741842
PARIA,1996,0
PARIA,1997,0
PARIA,1998,0
PARIA,1999,0
PARIA,2000,17.770413339289156
PARIA,2001,0.29533096187974117
PARIA,2002,0
PARIA,2003,0
PARIA,2004,32.01292869598378
PARIA,2005,39.36200810024691
PARIA,2006,42.328021809432045
PARIA,2007,4.46764096836731
PARIA,2008,18.447784343987546
PARIA,2009,8.66463646615941
PARIA,2010,38.17181691642691
PARIA,2011,0
PARIA,2012,0
PARIA,2013,14.22072293879189
PARIA,2014,0
PARIA,2015,2.8322338937333167
PARIA,2016,16.868285703642513
PARIA,2017,0
PARIA,2018,9.89609430695341
PARIA,2019,35.824713989661824
PARIA,2020,0
PARKER,1991,0
PARKER,1992,0
PARKER,1993,13.379237206110387
PARKER,1994,0
PARKER,1995,4.387310007678343
PARKER,1996,0
PARKER,1997,2.2991223989064102
PARKER,1998,12.191902181479861
PARKER,1999,0
PARKER,2000,0
PARKER,2001,7.591010881010571
PARKER,2002,0
PARKER,2003,7.6926496081108615
PARKER,2004,13.1918872991968
PARKER,2005,31.65720711469148
PARKER,2006,18.033220284482823
PARKER,2007,0
PARKER,2008,35.23954661426702
PARKER,2009,0
PARKER,2010,22.109324168965873
PARKER,2011,10.042508227192446
PARKER,2012,0
PARKER,2013,18.35490491944664
PARKER,2014,11.853280145560815
PARKER,2015,0
PARKER,2016,1.823523163539487
PARKER,2017,2.5703525066772546
PARKER,2018,0
PARKER,2019,0
PARKER,2020,4.777290546350203
PEACH SPRINGS,1991,19.114612419751538
PEACH SPRINGS,1992,0
PEACH SPRINGS,1993,58.63446659933367
PEACH SPRINGS,1994,15.01019315144834
PEACH SPRINGS,1995,0
PEACH SPRINGS,1996,0
PEACH SPRINGS,1997,0
PEACH SPRINGS,1998,9.898912422364914
PEACH SPRINGS,1999,0
PEACH SPRINGS,2000,13.367874096484039
PEACH SPRINGS,2001,24.95378371548927
PEACH SPRINGS,2002,11.311591421563042
PEACH SPRINGS,2003,6.258275622628054
PEACH SPRINGS,2004,0
PEACH SPRINGS,2005,42.15153669322609
PEACH SPRINGS,2006,25.366970072877688
PEACH SPRINGS,2007,0.49769347768045724
PEACH SPRINGS,2008,8.490898066799861
PEACH SPRINGS,2009,0
PEACH SPRINGS,2010,43.27245459175286
PEACH SPRINGS,2011,13.311103421249983
PEACH SPRINGS,2012,0
PEACH SPRINGS,2013,0.16137060546001308
PEACH SPRINGS,2014,18.278719563244643
PEACH SPRINGS,2015,0
PEACH SPRINGS,2016,33.5858052116108
PEACH SPRINGS,2017,25.68626556111875
PEACH SPRINGS,2018,0
PEACH SPRINGS,2019,10.807374083701369
PEACH SPRINGS,2020,0
PHOENIX AMA,1991,0
PHOENIX AMA,1992,9.15207235064887
PHOENIX AMA,1993,21.390597200374224
PHOENIX AMA,1994,0
PHOENIX AMA,1995,0
PHOENIX AMA,1996,0
PHOENIX AMA,1997,0
PHOENIX AMA,1998,7.064195000581401
PHOENIX AMA,1999,0
PHOENIX AMA,2000,0.22197765787646356
PHOENIX AMA,2001,0
PHOENIX AMA,2002,0
PHOENIX AMA,2003,4.82057654964177
PHOENIX AMA,2004,0
PHOENIX AMA,2005,10.387702088397848
PHOENIX AMA,2006,0
PHOENIX AMA,2007,0
PHOENIX AMA,2008,0
PHOENIX AMA,2009,0
PHOENIX AMA,2010,12.06754113044519
PHOENIX AMA,2011,0
PHOENIX AMA,2012,0
PHOENIX AMA,2013,0
PHOENIX AMA,2014,12.22651360138624
PHOENIX AMA,2015,0
PHOENIX AMA,2016,0
PHOENIX AMA,2017,5.699869127999578
PHOENIX AMA,2018,0
PHOENIX AMA,2019,0
PHOENIX AMA,2020,0
PINAL AMA,1991,0
PINAL AMA,1992,3.6436827077534932
PINAL AMA,1993,33.18332501325652
PINAL AMA,1994,0
PINAL AMA,1995,0
PINAL AMA,1996,0
PINAL AMA,1997,8.07730760000591
PINAL AMA,1998,7.168116919346773
PINAL AMA,1999,0
PINAL AMA,2000,0
PINAL AMA,2001,4.783536618998589
PINAL AMA,2002,0
PINAL AMA,2003,0
PINAL AMA,2004,0
PINAL AMA,2005,22.00025086108735
PINAL AMA,2006,1.621581359761986
PINAL AMA,2007,0
PINAL AMA,2008,0
PINAL AMA,2009,0
PINAL AMA,2010,6.838529070970168
PINAL AMA,2011,0
PINAL AMA,2012,0
PINAL AMA,2013,0
PINAL AMA,2014,0
PINAL AMA,2015,0
PINAL AMA,2016,0
PINAL AMA,2017,0
PINAL AMA,2018,1.3435497965929288
PINAL AMA,2019,0
PINAL AMA,2020,0
PRESCOTT AMA,1991,0
PRESCOTT AMA,1992,0
PRESCOTT AMA,1993,26.132425537935763
PRESCOTT AMA,1994,0
PRESCOTT AMA,1995,0
PRESCOTT AMA,1996,0
PRESCOTT AMA,1997,0
PRESCOTT AMA,1998,0
PRESCOTT AMA,1999,0
PRESCOTT AMA,2000,0
PRESCOTT AMA,2001,0
PRESCOTT AMA,2002,0
PRESCOTT AMA,2003,0
PRESCOTT AMA,2004,0
PRESCOTT AMA,2005,4.113838512812854
PRESCOTT AMA,2006,0
PRESCOTT AMA,2007,0
PRESCOTT AMA,2008,0
PRESCOTT AMA,2009,0
PRESCOTT AMA,2010,0
PRESCOTT AMA,2011,0
PRESCOTT AMA,2012,0
PRESCOTT AMA,2013,0
PRESCOTT AMA,2014,11.601347637859309
PRESCOTT AMA,2015,0
PRESCOTT AMA,2016,7.887479776710853
PRESCOTT AMA,2017,12.074696841367361
PRESCOTT AMA,2018,0
PRESCOTT AMA,2019,0
PRESCOTT AMA,2020,0
RANEGRAS PLAIN,1991,0
RANEGRAS PLAIN,1992,0
RANEGRAS PLAIN,1993,14.116260268037827
RANEGRAS PLAIN,1994,0
RANEGRAS PLAIN,1995,0.425742991252972
RANEGRAS PLAIN,1996,0
RANEGRAS PLAIN,1997,0
RANEGRAS PLAIN,1998,11.275686762234669
RANEGRAS PLAIN,1999,0
RANEGRAS PLAIN,2000,0
RANEGRAS PLAIN,2001,2.196547148198854
RANEGRAS PLAIN,2002,0
RANEGRAS PLAIN,2003,9.671341710693213
RANEGRAS PLAIN,2004,7.930549565931659
RANEGRAS PLAIN,2005,30.96848397936861
RANEGRAS PLAIN,2006,7.355917800831482
RANEGRAS PLAIN,2007,0
RANEGRAS PLAIN,2008,19.986220300843815
RANEGRAS PLAIN,2009,0
RANEGRAS PLAIN,2010,18.05121516923347
RANEGRAS PLAIN,2011,0
RANEGRAS PLAIN,2012,0
RANEGRAS PLAIN,2013,16.39972047208187
RANEGRAS PLAIN,2014,0.6122909477375278
RANEGRAS PLAIN,2015,0
RANEGRAS PLAIN,2016,0
RANEGRAS PLAIN,2017,7.5204290816634956
RANEGRAS PLAIN,2018,0
RANEGRAS PLAIN,2019,0
RANEGRAS PLAIN,2020,0
SACRAMENTO VALLEY,1991,0
SACRAMENTO VALLEY,1992,0
SACRAMENTO VALLEY,1993,21.865776792684187
SACRAMENTO VALLEY,1994,0
SACRAMENTO VALLEY,1995,0
SACRAMENTO VALLEY,1996,0
SACRAMENTO VALLEY,1997,0
SACRAMENTO VALLEY,1998,20.632561039055314
SACRAMENTO VALLEY,1999,0
SACRAMENTO VALLEY,2000,0
SACRAMENTO VALLEY,2001,5.7232352709897745
SACRAMENTO VALLEY,2002,0.004294123392500199
SACRAMENTO VALLEY,2003,8.188079439752915
SACRAMENTO VALLEY,2004,6.002695295276876
SACRAMENTO VALLEY,2005,24.086519726026403
SACRAMENTO VALLEY,2006,15.880796944035637
SACRAMENTO VALLEY,2007,0
SACRAMENTO VALLEY,2008,8.861656621360414
SACRAMENTO VALLEY,2009,0
SACRAMENTO VALLEY,2010,24.21773059062119
SACRAMENTO VALLEY,2011,6.661435316696244
SACRAMENTO VALLEY,2012,0
SACRAMENTO VALLEY,2013,3.766797242443839
SACRAMENTO VALLEY,2014,14.548495581749373
SACRAMENTO VALLEY,2015,0
SACRAMENTO VALLEY,2016,11.94102161925634
SACRAMENTO VALLEY,2017,0.5620410242149348
SACRAMENTO VALLEY,2018,0
SACRAMENTO VALLEY,2019,0
SACRAMENTO VALLEY,2020,0
SAFFORD,1991,0.5972893027108738
SAFFORD,1992,0
SAFFORD,1993,35.5526446343697
SAFFORD,1994,0
SAFFORD,1995,0
SAFFORD,1996,0
SAFFORD,1997,8.182350786223937
SAFFORD,1998,0
SAFFORD,1999,0
SAFFORD,2000,0.6633591576383951
SAFFORD,2001,0
SAFFORD,2002,0
SAFFORD,2003,0
SAFFORD,2004,0
SAFFORD,2005,7.428029009534914
SAFFORD,2006,0
SAFFORD,2007,0
SAFFORD,2008,0
SAFFORD,2009,0
SAFFORD,2010,12.946255149302726
SAFFORD,2011,0
SAFFORD,2012,0
SAFFORD,2013,0
SAFFORD,2014,0
SAFFORD,2015,0
SAFFORD,2016,0
SAFFORD,2017,0
SAFFORD,2018,0
SAFFORD,2019,0
SAFFORD,2020,0
SALT RIVER,1991,39.507577564713785
SALT RIVER,1992,55.75870713469719
SALT RIVER,1993,89.07219377386788
SALT RIVER,1994,51.948895978504495
SALT RIVER,1995,28.680777679207036
SALT RIVER,1996,13.870480248193411
SALT RIVER,1997,37.99124076132871
SALT RIVER,1998,13.540984235853012
SALT RIVER,1999,4.69025454743839
SALT RIVER,2000,20.546044278629342
SALT RIVER,2001,10.573758007751834
SALT RIVER,2002,7.362848291932957
SALT RIVER,2003,20.911194294633916
SALT RIVER,2004,5.447740534650773
SALT RIVER,2005,47.70139950469782
SALT RIVER,2006,3.375917213831561
SALT RIVER,2007,33.76508189346505
SALT RIVER,2008,42.190276519747435
SALT RIVER,2009,0
SALT RIVER,2010,53.478464623109026
SALT RIVER,2011,0
SALT RIVER,2012,0
SALT RIVER,2013,10.091414967692234
SALT RIVER,2014,10.703097284836328
SALT RIVER,2015,0
SALT RIVER,2016,0
SALT RIVER,2017,4.570117479348604
SALT RIVER,2018,0
SALT RIVER,2019,12.148398919525999
SALT RIVER,2020,0
SAN BERNARDINO VALLEY,1991,24.52381349621288
SAN BERNARDINO VALLEY,1992,0
SAN BERNARDINO VALLEY,1993,68.11622588239774
SAN BERNARDINO VALLEY,1994,33.05432984100137
SAN BERNARDINO VALLEY,1995,12.254511834703134
SAN BERNARDINO VALLEY,1996,11.849477817974055
SAN BERNARDINO VALLEY,1997,34.7876684699322
SAN BERNARDINO VALLEY,1998,26.161872141414428
SAN BERNARDINO VALLEY,1999,0
SAN BERNARDINO VALLEY,2000,74.94817493682798
SAN BERNARDINO VALLEY,2001,27.387282426864818
SAN BERNARDINO VALLEY,2002,2.8631057926547525
SAN BERNARDINO VALLEY,2003,0
SAN BERNARDINO VALLEY,2004,0
SAN BERNARDINO VALLEY,2005,10.054714215846074
SAN BERNARDINO VALLEY,2006,0
SAN BERNARDINO VALLEY,2007,24.947461102450355
SAN BERNARDINO VALLEY,2008,0
SAN BERNARDINO VALLEY,2009,0
SAN BERNARDINO VALLEY,2010,7.100637656362541
SAN BERNARDINO VALLEY,2011,0
SAN BERNARDINO VALLEY,2012,0
SAN BERNARDINO VALLEY,2013,16.892300178993484
SAN BERNARDINO VALLEY,2014,70.4810132012919
SAN BERNARDINO VALLEY,2015,0
SAN BERNARDINO VALLEY,2016,0
SAN BERNARDINO VALLEY,2017,0
SAN BERNARDINO VALLEY,2018,28.239903832285272
SAN BERNARDINO VALLEY,2019,0
SAN BERNARDINO VALLEY,2020,0
SAN RAFAEL,1991,0
SAN RAFAEL,1992,0
SAN RAFAEL,1993,24.71031973653776
SAN RAFAEL,1994,13.110652249610775
SAN RAFAEL,1995,0
SAN RAFAEL,1996,0
SAN RAFAEL,1997,0.5524741231789337
SAN RAFAEL,1998,3.125547118713997
SAN RAFAEL,1999,0
SAN RAFAEL,2000,18.680751634617405
SAN RAFAEL,2001,20.635553951809136
SAN RAFAEL,2002,0
SAN RAFAEL,2003,0
SAN RAFAEL,2004,0
SAN RAFAEL,2005,0
SAN RAFAEL,2006,0
SAN RAFAEL,2007,9.49195064005912
SAN RAFAEL,2008,15.637038705987907
SAN RAFAEL,2009,0
SAN RAFAEL,2010,9.335276056808398
SAN RAFAEL,2011,0
SAN RAFAEL,2012,0
SAN RAFAEL,2013,0
SAN RAFAEL,2014,14.996875431357605
SAN RAFAEL,2015,0
SAN RAFAEL,2016,0
SAN RAFAEL,2017,0
SAN RAFAEL,2018,0
SAN RAFAEL,2019,0
SAN RAFAEL,2020,0
SAN SIMON WASH,1991,1.6489607348135642
SAN SIMON WASH,1992,5.393364057930891
SAN SIMON WASH,1993,33.92628113303588
SAN SIMON WASH,1994,7.1944174252323565
SAN SIMON WASH,1995,0
SAN SIMON WASH,1996,5.994559784274511
SAN SIMON WASH,1997,19.830956087022095
SAN SIMON WASH,1998,12.189677853669924
SAN SIMON WASH,1999,0
SAN SIMON WASH,2000,7.51864812563722
SAN SIMON WASH,2001,8.249517878678537
SAN SIMON WASH,2002,2.8310162201624536
SAN SIMON WASH,2003,0
SAN SIMON WASH,2004,11.039396789608489
SAN SIMON WASH,2005,19.83127626807472
SAN SIMON WASH,2006,0
SAN SIMON WASH,2007,17.948550376307285
SAN SIMON WASH,2008,9.630875852369183
SAN SIMON WASH,2009,0
SAN SIMON WASH,2010,5.8263387193733465
SAN SIMON WASH,2011,0
SAN SIMON WASH,2012,1.1121114249879556
SAN SIMON WASH,2013,1.0066427925437311
SAN SIMON WASH,2014,0
SAN SIMON WASH,2015,0
SAN SIMON WASH,2016,0
SAN SIMON WASH,2017,0
SAN SIMON WASH,2018,11.69830045253711
SAN SIMON WASH,2019,0
SAN SIMON WASH,2020,0.03727672397905376
SANTA CRUZ AMA,1991,1.7741628750909992
SANTA CRUZ AMA,1992,0
SANTA CRUZ AMA,1993,66.9820536850226
SANTA CRUZ AMA,1994,18.089887146130042
SANTA CRUZ AMA,1995,0
SANTA CRUZ AMA,1996,0
SANTA CRUZ AMA,1997,21.47839591465696
SANTA CRUZ AMA,1998,14.360450173415309
SANTA CRUZ AMA,1999,0
SANTA CRUZ AMA,2000,18.243943047042077
SANTA CRUZ AMA,2001,23.67454607144176
SANTA CRUZ AMA,2002,0
SANTA CRUZ AMA,2003,0
SANTA CRUZ AMA,2004,0
SANTA CRUZ AMA,2005,0.9811840345012469
SANTA CRUZ AMA,2006,0
SANTA CRUZ AMA,2007,6.1522526462088845
SANTA CRUZ AMA,2008,0
SANTA CRUZ AMA,2009,0
SANTA CRUZ AMA,2010,2.6555839098612273
SANTA CRUZ AMA,2011,0
SANTA CRUZ AMA,2012,0
SANTA CRUZ AMA,2013,0
SANTA CRUZ AMA,2014,6.642684853264687
SANTA CRUZ AMA,2015,0
SANTA CRUZ AMA,2016,0
SANTA CRUZ AMA,2017,0
SANTA CRUZ AMA,2018,0
SANTA CRUZ AMA,2019,0
SANTA CRUZ AMA,2020,7.323548435665819
SHIVWITS PLATEAU,1991,0
SHIVWITS PLATEAU,1992,11.068525038688398
SHIVWITS PLATEAU,1993,35.31249371952357
SHIVWITS PLATEAU,1994,0
SHIVWITS PLATEAU,1995,0.962382107998854
SHIVWITS PLATEAU,1996,0
SHIVWITS PLATEAU,1997,0
SHIVWITS PLATEAU,1998,15.292328156756682
SHIVWITS PLATEAU,1999,0
SHIVWITS PLATEAU,2000,4.523335819177955
SHIVWITS PLATEAU,2001,9.36810510215944
SHIVWITS PLATEAU,2002,0
SHIVWITS PLATEAU,2003,1.0803443563030481
SHIVWITS PLATEAU,2004,5.422265868771171
SHIVWITS PLATEAU,2005,33.684681288755684
SHIVWITS PLATEAU,2006,21.025757014811603
SHIVWITS PLATEAU,2007,5.794911847985599
SHIVWITS PLATEAU,2008,0
SHIVWITS PLATEAU,2009,0
SHIVWITS PLATEAU,2010,47.73241234004642
SHIVWITS PLATEAU,2011,0
SHIVWITS PLATEAU,2012,0
SHIVWITS PLATEAU,2013,8.919866017718805
SHIVWITS PLATEAU,2014,0
SHIVWITS PLATEAU,2015,0
SHIVWITS PLATEAU,2016,38.072872604018656
SHIVWITS PLATEAU,2017,5.961272539909386
SHIVWITS PLATEAU,2018,0
SHIVWITS PLATEAU,2019,0
SHIVWITS PLATEAU,2020,0
TIGER WASH,1991,0
TIGER WASH,1992,0
TIGER WASH,1993,29.83535053454066
TIGER WASH,1994,0
TIGER WASH,1995,0
TIGER WASH,1996,0
TIGER WASH,1997,0
TIGER WASH,1998,5.045149070581017
TIGER WASH,1999,5.447421094969845
TIGER WASH,2000,44.01264655269706
TIGER WASH,2001,0
TIGER WASH,2002,0
TIGER WASH,2003,39.758855748030804
TIGER WASH,2004,3.9476141319468434
TIGER WASH,2005,23.076500608468137
TIGER WASH,2006,0
TIGER WASH,2007,0
TIGER WASH,2008,6.2745137115398135
TIGER WASH,2009,0
TIGER WASH,2010,25.801513672975627
TIGER WASH,2011,0
TIGER WASH,2012,0
TIGER WASH,2013,0
TIGER WASH,2014,0.27172398284040317
TIGER WASH,2015,0
TIGER WASH,2016,0
TIGER WASH,2017,6.092326787301912
TIGER WASH,2018,0
TIGER WASH,2019,0
TIGER WASH,2020,0
TONTO CREEK,1991,23.09814899286751
TONTO CREEK,1992,43.106554207412266
TONTO CREEK,1993,92.46620607644216
TONTO CREEK,1994,30.166487786589222
TONTO CREEK,1995,20.851853406183416
TONTO CREEK,1996,13.370847673459854
TONTO CREEK,1997,23.83843778653742
TONTO CREEK,1998,12.655030946461874
TONTO CREEK,1999,13.279269347313422
TONTO CREEK,2000,11.433428800128373
TONTO CREEK,2001,10.949177850990452
TONTO CREEK,2002,2.5320470231904557
TONTO CREEK,2003,11.672362393423901
TONTO CREEK,2004,7.035220741983457
TONTO CREEK,2005,42.7478921069815
TONTO CREEK,2006,0
TONTO CREEK,2007,21.088109334350467
TONTO CREEK,2008,27.267663885100617
TONTO CREEK,2009,0
TONTO CREEK,2010,51.20722439891093
TONTO CREEK,2011,0
TONTO CREEK,2012,0
TONTO CREEK,2013,9.301011287312425
TONTO CREEK,2014,5.514794443146364
TONTO CREEK,2015,0
TONTO CREEK,2016,0
TONTO CREEK,2017,23.455725118273676
TONTO CREEK,2018,0
TONTO CREEK,2019,17.33793153190616
TONTO CREEK,2020,0
TUCSON AMA,1991,0
TUCSON AMA,1992,0
TUCSON AMA,1993,21.5476388064158
TUCSON AMA,1994,6.293084082512928
TUCSON AMA,1995,0
TUCSON AMA,1996,0
TUCSON AMA,1997,9.390209921029063
TUCSON AMA,1998,16.67756502707892
TUCSON AMA,1999,0
TUCSON AMA,2000,6.044623846829491
TUCSON AMA,2001,5.944960323581085
TUCSON AMA,2002,3.01582422263897
TUCSON AMA,2003,0
TUCSON AMA,2004,0
TUCSON AMA,2005,2.5235896061179863
TUCSON AMA,2006,0
TUCSON AMA,2007,0
TUCSON AMA,2008,0
TUCSON AMA,2009,0
TUCSON AMA,2010,4.556311664686075
TUCSON AMA,2011,0
TUCSON AMA,2012,0
TUCSON AMA,2013,0
TUCSON AMA,2014,0
TUCSON AMA,2015,0
TUCSON AMA,2016,0
TUCSON AMA,2017,0
TUCSON AMA,2018,0.831094872228848
TUCSON AMA,2019,0
TUCSON AMA,2020,0
UPPER HASSAYAMPA,1991,0
UPPER HASSAYAMPA,1992,6.5222818693498
UPPER HASSAYAMPA,1993,38.65072987158447
UPPER HASSAYAMPA,1994,0
UPPER HASSAYAMPA,1995,13.750546810817571
UPPER HASSAYAMPA,1996,0
UPPER HASSAYAMPA,1997,16.37149825746453
UPPER HASSAYAMPA,1998,6.666983152542495
UPPER HASSAYAMPA,1999,4.086794086188008
UPPER HASSAYAMPA,2000,17.341845892885086
UPPER HASSAYAMPA,2001,0
UPPER HASSAYAMPA,2002,0
UPPER HASSAYAMPA,2003,6.627072360036765
UPPER HASSAYAMPA,2004,3.3523152184516447
UPPER HASSAYAMPA,2005,12.220907735419939
UPPER HASSAYAMPA,2006,0
UPPER HASSAYAMPA,2007,0
UPPER HASSAYAMPA,2008,0
UPPER HASSAYAMPA,2009,0
UPPER HASSAYAMPA,2010,10.952622880867537
UPPER HASSAYAMPA,2011,0
UPPER HASSAYAMPA,2012,0
UPPER HASSAYAMPA,2013,0
UPPER HASSAYAMPA,2014,9.254442993763883
UPPER HASSAYAMPA,2015,0
UPPER HASSAYAMPA,2016,2.830709969605432
UPPER HASSAYAMPA,2017,18.68286493209778
UPPER HASSAYAMPA,2018,0
UPPER HASSAYAMPA,2019,0
UPPER HASSAYAMPA,2020,0
UPPER SAN PEDRO,1991,0
UPPER SAN PEDRO,1992,0
UPPER SAN PEDRO,1993,31.179058881109768
UPPER SAN PEDRO,1994,4.7190886398265635
UPPER SAN PEDRO,1995,0
UPPER SAN PEDRO,1996,0
UPPER SAN PEDRO,1997,1.9397483223126875
UPPER SAN PEDRO,1998,0.9921617191639418
UPPER SAN PEDRO,1999,0
UPPER SAN PEDRO,2000,23.45237561434563
UPPER SAN PEDRO,2001,13.40653186254779
UPPER SAN PEDRO,2002,0
UPPER SAN PEDRO,2003,0
UPPER SAN PEDRO,2004,0
UPPER SAN PEDRO,2005,0
UPPER SAN PEDRO,2006,0
UPPER SAN PEDRO,2007,0
UPPER SAN PEDRO,2008,0
UPPER SAN PEDRO,2009,0
UPPER SAN PEDRO,2010,2.576820311080985
UPPER SAN PEDRO,2011,0
UPPER SAN PEDRO,2012,0
UPPER SAN PEDRO,2013,0
UPPER SAN PEDRO,2014,16.209444617420182
UPPER SAN PEDRO,2015,0
UPPER SAN PEDRO,2016,0
UPPER SAN PEDRO,2017,0
UPPER SAN PEDRO,2018,0
UPPER SAN PEDRO,2019,0
UPPER SAN PEDRO,2020,0
VERDE RIVER,1991,8.782153559827004
VERDE RIVER,1992,30.812428990808804
VERDE RIVER,1993,44.16053436290673
VERDE RIVER,1994,4.122112484024275
VERDE RIVER,1995,12.302103066422346
VERDE RIVER,1996,0
VERDE RIVER,1997,17.187478446418105
VERDE RIVER,1998,13.741475189817153
VERDE RIVER,1999,6.174585256343638
VERDE RIVER,2000,15.448164906284068
VERDE RIVER,2001,12.749787916321068
VERDE RIVER,2002,8.970223522958582
VERDE RIVER,2003,2.924397624974564
VERDE RIVER,2004,3.7803369563703466
VERDE RIVER,2005,20.43122764100491
VERDE RIVER,2006,0
VERDE RIVER,2007,3.516997961911276
VERDE RIVER,2008,7.948262421262874
VERDE RIVER,2009,0
VERDE RIVER,2010,23.098230693319334
VERDE RIVER,2011,0
VERDE RIVER,2012,0
VERDE RIVER,2013,4.220775719499208
VERDE RIVER,2014,5.214849076947355
VERDE RIVER,2015,0
VERDE RIVER,2016,12.20951890578554
VERDE RIVER,2017,14.456155731387298
VERDE RIVER,2018,3.4059035568807268
VERDE RIVER,2019,6.395744011996681
VERDE RIVER,2020,0
VIRGIN RIVER,1991,0
VIRGIN RIVER,1992,16.345436721905486
VIRGIN RIVER,1993,22.20390639470807
VIRGIN RIVER,1994,0.6639665612799195
VIRGIN RIVER,1995,21.463496798849334
VIRGIN RIVER,1996,0
VIRGIN RIVER,1997,0
VIRGIN RIVER,1998,17.26780556919549
VIRGIN RIVER,1999,0
VIRGIN RIVER,2000,8.178545353706815
VIRGIN RIVER,2001,18.522005837910463
VIRGIN RIVER,2002,0
VIRGIN RIVER,2003,1.3084613728863936
VIRGIN RIVER,2004,17.46748828861458
VIRGIN RIVER,2005,26.209932128174525
VIRGIN RIVER,2006,14.916532708855902
VIRGIN RIVER,2007,0.2380895993037649
VIRGIN RIVER,2008,7.704651038969881
VIRGIN RIVER,2009,0.06685243494340219
VIRGIN RIVER,2010,39.515763025351504
VIRGIN RIVER,2011,0
VIRGIN RIVER,2012,0
VIRGIN RIVER,2013,11.912071438524938
VIRGIN RIVER,2014,6.1832750370639316
VIRGIN RIVER,2015,0
VIRGIN RIVER,2016,24.037424124646673
VIRGIN RIVER,2017,0
VIRGIN RIVER,2018,0
VIRGIN RIVER,2019,12.049241794169358
VIRGIN RIVER,2020,0
WESTERN MEXICAN DRAINAGE,1991,0
WESTERN MEXICAN DRAINAGE,1992,28.537502920101204
WESTERN MEXICAN DRAINAGE,1993,35.8879112002297
WESTERN MEXICAN DRAINAGE,1994,14.96110186011924
WESTERN MEXICAN DRAINAGE,1995,9.530361877292506
WESTERN MEXICAN DRAINAGE,1996,0
WESTERN MEXICAN DRAINAGE,1997,16.268338134447454
WESTERN MEXICAN DRAINAGE,1998,11.259377928622404
WESTERN MEXICAN DRAINAGE,1999,20.295837168186953
WESTERN MEXICAN DRAINAGE,2000,0
WESTERN MEXICAN DRAINAGE,2001,17.219780273644798
WESTERN MEXICAN DRAINAGE,2002,0
WESTERN MEXICAN DRAINAGE,2003,5.356069274843963
WESTERN MEXICAN DRAINAGE,2004,24.494910864991382
WESTERN MEXICAN DRAINAGE,2005,24.026986987075556
WESTERN MEXICAN DRAINAGE,2006,10.916363943382118
WESTERN MEXICAN DRAINAGE,2007,18.831148801355678
WESTERN MEXICAN DRAINAGE,2008,50.107718681508295
WESTERN MEXICAN DRAINAGE,2009,0
WESTERN MEXICAN DRAINAGE,2010,7.416690703338798
WESTERN MEXICAN DRAINAGE,2011,0
WESTERN MEXICAN DRAINAGE,2012,20.073833081716344
WESTERN MEXICAN DRAINAGE,2013,40.58177916374359
WESTERN MEXICAN DRAINAGE,2014,3.569005651618922
WESTERN MEXICAN DRAINAGE,2015,0
WESTERN MEXICAN DRAINAGE,2016,0
WESTERN MEXICAN DRAINAGE,2017,0.46076753537605625
WESTERN MEXICAN DRAINAGE,2018,24.523154984018525
WESTERN MEXICAN DRAINAGE,2019,4.26146864211729
WESTERN MEXICAN DRAINAGE,2020,12.440769167112427
WILLCOX,1991,8.341803991973327
WILLCOX,1992,1.4569856433747248
WILLCOX,1993,44.09421398008912
WILLCOX,1994,2.1611184075008683
WILLCOX,1995,5.928736667081787
WILLCOX,1996,0
WILLCOX,1997,17.483405237751654
WILLCOX,1998,14.122914054420148
WILLCOX,1999,0
WILLCOX,2000,15.706580658408141
WILLCOX,2001,13.15269133355428
WILLCOX,2002,0
WILLCOX,2003,0
WILLCOX,2004,0
WILLCOX,2005,8.369971100369002
WILLCOX,2006,0
WILLCOX,2007,0
WILLCOX,2008,0
WILLCOX,2009,0
WILLCOX,2010,4.042141113393183
WILLCOX,2011,0
WILLCOX,2012,0
WILLCOX,2013,0.1050324669953162
WILLCOX,2014,9.509794865060387
WILLCOX,2015,0
WILLCOX,2016,0.43164811716115326
WILLCOX,2017,0
WILLCOX,2018,0.4746479716292772
WILLCOX,2019,0
WILLCOX,2020,0
YUMA,1991,0
YUMA,1992,0
YUMA,1993,13.20384094136092
YUMA,1994,0
YUMA,1995,0
YUMA,1996,0
YUMA,1997,40.174695630412806
YUMA,1998,0
YUMA,1999,9.560983766064755
YUMA,2000,0
YUMA,2001,22.42136035877903
YUMA,2002,0
YUMA,2003,1.4023531412052208
YUMA,2004,0
YUMA,2005,0
YUMA,2006,6.348154130180679
YUMA,2007,0.7368374330453377
YUMA,2008,41.208510652843955
YUMA,2009,0
YUMA,2010,20.99386576002906
YUMA,2011,0
YUMA,2012,5.873750753263661
YUMA,2013,24.123137724433665
YUMA,2014,0
YUMA,2015,0
YUMA,2016,0
YUMA,2017,0
YUMA,2018,3.662251048924993
YUMA,2019,0
YUMA,2020,14.845110815639396
NA,1991,NA
NA,1992,NA
NA,1993,NA
NA,1994,NA
NA,1995,NA
NA,1996,NA
NA,1997,NA
NA,1998,NA
NA,1999,NA
NA,2000,NA
NA,2001,NA
NA,2002,NA
NA,2003,NA
NA,2004,NA
NA,2005,NA
NA,2006,NA
NA,2007,NA
NA,2008,NA
NA,2009,NA
NA,2010,NA
NA,2011,NA
NA,2012,NA
NA,2013,NA
NA,2014,NA
NA,2015,NA
NA,2016,NA
NA,2017,NA
NA,2018,NA
NA,2019,NA
NA,2020,NA
